,username,followers
86,DebbieTCC,35432
14,Skrill_Dilly,20442
89,cine_monde,8799
67,djbenhameen,8762
4,imsebastiansta,6854
5,foxmccloud82,6203
10,DominicChow4,5787
53,chvbkx,5220
38,erskinerecords,4096
104,Danielle_TW_Dee,2936
82,SouthSideGAClay,2867
90,pietrhoe,2833
87,darknygma,2606
68,IVWall,2421
6,LeaPeea,2312
19,NHLJets2point0,2242
30,miss_chibaby,2236
13,SirDashYandere,2232
42,lgbtsargent,2225
58,marcussimmonscc,2205
103,MelineStark,2203
77,A_Flawed_King,2003
27,DeleMage,1997
22,_Adria_Raven_,1925
43,chocobo_yoongi,1681
26,tomslucifer,1453
84,QuickSilverSnD,1452
37,StufffGoneBy80,1206
69,sophie_kjcl,971
35,fvckzr,959
36,tylrmntg,940
66,rexorangecouny,889
0,_noshirt,858
71,hobinci,846
1,arabianroot,786
93,WilliamsHenriq,781
2,nialljohnn,770
11,syakirdaniel2,748
57,AJ_Martinez_13,737
92,astropeaches,672
78,Shazniqua,653
18,therealPhiz,628
40,sirhidb,618
101,Jesse_Hamlin,569
64,BluegrassBarrel,555
49,bidetofevil,462
59,lauren_greennn,459
46,DLicious1515,432
12,ImmortalZman,421
32,Sean_Zula,418
54,FabulousTashaa,416
39,heyimtanti,414
94,glowynoire,408
56,Leslieespinozax,383
79,amaanibee,377
48,TheNathiFactory,372
9,Vickyy__1,370
75,harrrrrryshands,369
20,sadjumper,341
108,nerdy07,336
15,luvrobertdowney,336
106,griffingold55,327
107,JimSalomon,301
21,Carlos_Marcello,293
62,aye_LJ,290
24,OverandOut_96,284
74,danielibf93,278
51,EDDERS_AVENGERS,276
98,Serranote22,261
61,Luis_Corona14,254
81,mighttenten,249
16,rosalie_murillo,248
70,newsgwcom,247
34,Matt_Guilder,241
25,gamsaya,215
95,GVOPLAYBOY,176
99,helabitchin,172
55,Lilly_souzy,166
17,MalamuteGamer,159
33,thebabyjai,157
65,Tardis2238,157
31,ImakiperryIndra,151
60,artsystxrk,150
76,frankiieffect,145
28,bencornish,141
7,FabulousTC,137
96,Isisfoxx,124
44,Qveenskky,117
100,superblackorg,114
72,ZurcNosa,94
8,KokiriKid229,92
102,mattsm00th,87
23,paraigindota,83
105,Mr_MooreOVO,76
97,Filrzmn,76
3,blushsunsets,76
80,GEL_KYLE,65
109,musetraxed,61
52,dysphoricfairy,32
29,TGS_YT_OFFICIAL,14
91,Seankitskit,9
45,Nikz66432261,4
41,maziguman,3
73,Eirikr_the_Wolf,2
