,User,count
50,downeysduckling,13
79,valor_club,2
46,bwayruffalo,2
7,DTHalliday,2
49,dgk1987,2
53,greatbatsby,2
0,AdrianCamaril10,1
54,itisbxxx97,1
60,littlepunkryo,1
59,lindaamj,1
58,lacecuffs,1
57,kiapolo808,1
56,kaidante_,1
55,jrosekonungrinn,1
51,elc1xiv,1
52,ezak8828,1
62,meeeeerimeri,1
48,darthbrizzle,1
47,calebgjeter,1
45,billy_b0nes,1
44,bigron527,1
61,loladice2,1
63,namkooksbaeber,1
42,atjogialove,1
73,rromeo2413,1
81,weezus_,1
80,vivek__dhfm,1
78,tedd_ivan,1
77,taxxonomic,1
76,stokegriff,1
75,shaundamartian,1
74,septicclifford,1
72,ricardo__n7,1
64,pastelgothswift,1
71,rainbowcrisp,1
70,pssycH0Tic,1
69,pmcarron4242,1
68,ploytuan_,1
67,phantomdiorama,1
66,paulsado,1
65,pastelmadonna,1
43,bang_ynggk,1
41,altijira,1
1,AnnaReadsComics,1
40,alexmurry1988,1
19,LAMINALIA41,1
18,KimMerville,1
17,Jae_gucci,1
16,J_fabulous01,1
15,JT_loves_,1
14,JLNakahama,1
13,InnerDemonsGR,1
12,HawaSheikhadam,1
11,Figglypuff,1
10,Fake_Ocean,1
9,EPlSODEVl,1
8,DonTakano,1
6,Clairetastic,1
5,ChrisAguilarx,1
4,COM1CBOOKS,1
3,BadWilf,1
2,BaSlytherin,1
20,LA_BabyGirl96,1
21,M_a_h_ii_,1
22,Mamigabzz,1
32,Sello_Makgotho,1
39,adcfanboy,1
38,_joietan_,1
37,ZeusHusky,1
36,TheOnlyDogg,1
35,SupunsaSP,1
34,Sport_Princess,1
33,SkittyFar,1
31,Seankitskit,1
23,MohanRa65077195,1
30,SaylerSpeedy,1
29,SWrightAU,1
28,SBS,1
27,Reyna_Cynthia97,1
26,RatRace123,1
25,OtakkuOtaku,1
24,MollacaNoh,1
82,yetzielisse,1
